{
  "graph": {
    "(0, 3, 0, 0)": -1.0,
    "(0, 3, 1, 1)": -1.0,
    "(0, 7, 1, 0)": -1.0,
    "(0, 9, 1, 0)": 1.0,
    "(1, 4, 0, 0)": -1.0,
    "(1, 4, 1, 1)": -1.0,
    "(1, 7, 1, 0)": 1.0,
    "(1, 9, 1, 0)": -1.0,
    "(2, 5, 0, 0)": 1.0,
    "(2, 5, 1, 1)": 1.0,
    "(2, 6, 1, 0)": -0.9856732285572877,
    "(2, 8, 0, 0)": 1.0,
    "(2, 8, 1, 0)": -1.0,
    "(6, 7, 0, 0)": -1.0,
    "(6, 9, 0, 0)": -1.0,
    "(7, 8, 0, 0)": -1.0,
    "(8, 9, 0, 0)": -1.0,
    "(3, 6, 1, 0)": 1.0,
    "(4, 5, 1, 1)": 1.0,
    "(4, 5, 1, 0)": -1.0
  },
  "loss": [
    0.030303030303030276,
    0.0
  ]
}