{
    "description": "PXP scar of eight particles.",
    "bulk_thr": 0.01,
    "edges_tried": 40,
    "foldername": "PXPfid",
    "ftol": 1e-05,
    "loss_func": "fid",
    "num_anc": 0,
    "num_pre": 1,
    "optimizer": "L-BFGS-B",
    "imaginary": false,
    "safe_hist": true,
    "samples": 30,
    "target_state": [
        "00000000",
        "00000100",
        "00001000",
        "00001010",
        "01000000",
        "01000010",
        "01010000",
        "01010100",
        "10000000",
        "10000010",
        "10010000",
        "10010100",
        "10100000",
        "10100100",
        "10101000",
        "10101010"
    ],
    "amplitudes": [
        1,
        -1.4142135623730951,
        1,
        -1,
        -1.4142135623730951,
        1.4142135623730951,
        -2.0,
        2.8284271247461903,
        1,
        -1,
        1.4142135623730951,
        -2.0,
        -1,
        1.4142135623730951,
        -1,
        1
    ],
    "thresholds": [
        0.0001,
        0.05
    ],
    "tries_per_edge": 5,
    "unicolor": false,
    "topopt": true,
    "seed": 2028549326,
    "in_nodes": [],
    "out_nodes": [
        0,
        1,
        2,
        3,
        4,
        5,
        6
    ],
    "single_emitters": [],
    "removed_connections": [],
    "heralding_out": false,
    "number_resolving": false,
    "brutal_covers": false,
    "save_hist": true,
    "dimensions": [
        2,
        2,
        2,
        2,
        2,
        2,
        2,
        1
    ],
    "verts": [
        0,
        1,
        2,
        3,
        4,
        5,
        6,
        7
    ],
    "anc_detectors": [
        7
    ]
}
