{
    "graph": {
    "(0, 0, 0, 0)": 0.7937005259840997, "(0, 2, 0, 0)": 0.8908987181403393, "(0, 1, 0, 0)": -0.8908987181403393, "(1, 1, 0, 0)": 1.0, "(1, 2, 0, 0)": 1.0, "(0, 3, 0, 0)": 1.0}
}
