{
    "description": "PXP scar of eight particles. Since one of the particles has only one dimension we compute it as ancilla.",
    "bulk_thr": 0.01,
    "edges_tried": 40,
    "foldername": "PXPfid",
    "ftol": 1e-05,
    "loss_func": "fid",
    "num_anc": 1,
    "num_pre": 1,
    "optimizer": "L-BFGS-B",
    "imaginary": false,
    "safe_hist": true,
    "samples": 30,
    "target_state": [
        "0000000",
        "0000010",
        "0000100",
        "0000101",
        "0100000",
        "0100001",
        "0101000",
        "0101010",
        "1000000",
        "1000001",
        "1001000",
        "1001010",
        "1010000",
        "1010010",
        "1010100",
        "1010101"
    ],
    "amplitudes": [
        1,
        -1.4142135623730951,
        1,
        -1,
        -1.4142135623730951,
        1.4142135623730951,
        -2.0,
        2.8284271247461903,
        1,
        -1,
        1.4142135623730951,
        -2.0,
        -1,
        1.4142135623730951,
        -1,
        1
    ],
    "thresholds": [
        0.0001,
        0.05
    ],
    "tries_per_edge": 5,
    "unicolor": false,
    "topopt": true,
    "seed": 2028549326,
    "in_nodes": [],
    "out_nodes": [
        0,
        1,
        2,
        3,
        4,
        5,
        6
    ],
    "single_emitters": [],
    "removed_connections": [],
    "heralding_out": false,
    "number_resolving": false,
    "brutal_covers": false,
    "save_hist": true,
    "dimensions": [
        2,
        2,
        2,
        2,
        2,
        2,
        2,
        1
    ],
    "verts": [
        0,
        1,
        2,
        3,
        4,
        5,
        6,
        7
    ],
    "anc_detectors": [
        7
    ]
}