{
  "graph": {
    "(0, 2, 2, 2)": 1.0,
    "(0, 3, 0, 0)": -0.985185449317192,
    "(0, 3, 0, 2)": 1.0,
    "(0, 3, 1, 0)": -0.9906920872686505,
    "(0, 3, 1, 1)": 1.0,
    "(0, 9, 0, 0)": 1.0,
    "(0, 11, 1, 0)": -1.0,
    "(1, 3, 0, 0)": 1.0,
    "(1, 3, 0, 1)": 1.0,
    "(1, 3, 1, 1)": 1.0,
    "(1, 3, 1, 2)": 1.0,
    "(1, 3, 2, 0)": 1.0,
    "(1, 3, 2, 2)": 1.0,
    "(1, 9, 1, 0)": -1.0,
    "(1, 9, 2, 0)": 1.0,
    "(1, 11, 0, 0)": -1.0,
    "(1, 11, 1, 0)": 1.0,
    "(2, 5, 0, 0)": 1.0,
    "(2, 7, 1, 0)": -1.0,
    "(3, 4, 0, 0)": 0.9940941252170894,
    "(3, 4, 1, 0)": -1.0,
    "(3, 5, 1, 0)": 1.0,
    "(3, 5, 2, 0)": -0.9772428041785977,
    "(3, 6, 0, 0)": 1.0,
    "(3, 6, 2, 0)": -1.0,
    "(4, 8, 0, 0)": -1.0,
    "(4, 9, 0, 0)": -1.0,
    "(4, 10, 0, 0)": -1.0,
    "(4, 11, 0, 0)": -1.0,
    "(5, 8, 0, 0)": -1.0,
    "(5, 10, 0, 0)": -1.0,
    "(5, 11, 0, 0)": 1.0,
    "(6, 10, 0, 0)": 1.0,
    "(7, 8, 0, 0)": -1.0,
    "(7, 9, 0, 0)": 1.0,
    "(7, 10, 0, 0)": 1.0
  },
  "loss": [
    0.02701325444516267,
    1.452557590553294e-05
  ]
}